station_id,q_max,q_p99,q_median,flashiness,n_days,cohort,peak_over_p99
1022500,4300.0,2856.0000000000036,317.0,9.009463722397488,731,steady,1.5056022408963565
1031500,11599.9990234375,4971.000000000011,284.0,17.503521126760603,731,flashy,2.333534303648657
1047000,11800.0,6541.0000000000055,373.0,17.536193029490633,731,flashy,1.804005503745603
1052500,6150.00048828125,3204.0001708984473,177.00001525878906,18.101694320274078,731,flashy,1.9194757054450162
1054200,5790.0,2231.000000000006,88.99999237060547,25.067417879204797,731,flashy,2.595248767368886
1055000,4160.0,2251.000000000006,103.00000762939452,21.854367313246755,731,flashy,1.8480675255441976
1057000,2800.0,1053.999963378907,70.0,15.057142333984388,731,steady,2.6565465818649328
1073000,768.0,164.0,12.0,13.666666666666666,731,steady,4.682926829268292
1078000,3910.0,1347.999963378908,80.99999237060547,16.64197642403842,731,steady,2.9005935506104623
1123000,650.0,344.6000000000008,36.0,9.572222222222244,731,steady,1.8862449216482833
1134500,2239.999755859375,1354.000048828126,86.0,15.744186614280535,731,steady,1.6543572194093148
1137500,4480.0,1766.9999145507863,120.0,14.72499928792322,731,steady,2.535370807382819
1139000,1660.000244140625,946.7000610351586,105.0,9.0161910574777,731,steady,1.7534595300707136
1139800,131.0,87.09999465942397,9.999999046325684,8.710000296592755,731,steady,1.504018461909586
1142500,713.9999389648438,364.19996948242215,33.0,11.03636271158855,731,steady,1.9604612816951497
1144000,17599.998046875,9128.00000000003,800.0,11.410000000000036,731,steady,1.9281330025060193
1162500,533.0,275.20000915527373,21.000001907348636,13.104761150472639,731,steady,1.936773191381945
1169000,4930.0,1676.9999145507818,113.0,14.840707208413999,731,steady,2.9397735546817843
1170100,1330.0,741.5000427246118,52.0,14.259616206242535,731,steady,1.7936613936163361
1181000,5800.0,1344.000000000001,108.0,12.444444444444454,731,steady,4.315476190476187
1187300,957.9999389648438,331.7999786376955,21.0,15.799998982747406,731,steady,2.8872814968168483
1195100,140.0,75.78999999999985,5.800000190734863,13.067240949589902,709,steady,1.8472093943792094
1333000,974.9999389648438,589.0000427246102,54.00000381469727,10.907407428076905,731,steady,1.6553478238382906
1350000,15500.0009765625,4292.000146484387,258.0,16.635659482497626,731,steady,3.611370094956469
1350080,1130.0,447.0500305175775,28.000001907348636,15.966071430882605,586,steady,2.527681294846863
1350140,769.0,203.29998931884805,11.999999046325684,16.941667122973406,731,steady,3.7825875081278504
1365000,1870.0001220703125,779.3999572753908,68.0,11.461764077579275,731,steady,2.399281786731703
1411300,386.0,179.3000000000004,29.0,6.182758620689669,731,steady,2.1528165086447246
1413500,8020.00048828125,2510.0000000000136,193.0,13.00518134715033,731,steady,3.1952193180403214
1414500,1100.0,436.10000000000514,35.0,12.460000000000147,731,steady,2.5223572575097157
1415000,936.9999389648438,384.10000000000105,37.0,10.38108108108111,731,steady,2.4394687294059914
1423000,14500.0,4925.999853515656,350.0,14.074285295759015,731,steady,2.943564845957403
1434025,400.0000305175781,109.66000000000008,6.0,18.27666666666668,668,flashy,3.647638432587797
1435000,4250.0,1900.0,124.99999237060548,15.200000927734429,731,steady,2.236842105263158
1439500,4799.99951171875,1435.0000000000114,158.0,9.08227848101273,731,steady,3.344947394925932
1440000,2290.0,704.6000610351575,79.00000762939453,8.918987253021328,731,steady,3.250070680714482
1440400,3090.0,1032.8000000000056,89.0,11.604494382022535,731,steady,2.991866769945762
1451800,2800.0,791.2999816894558,49.0,16.14897921815216,731,steady,3.5384810625445646
1466500,18.0,5.699999809265137,1.600000023841858,3.5624998277053264,731,steady,3.1578948425123934
1484100,55.0,21.400001335144136,2.6000001430511475,8.23076929143198,731,steady,2.5700932975960282
1487000,940.0000610351562,476.30000915527523,71.00000762939453,6.708450112307925,731,steady,1.973546174610115
1491000,3140.000244140625,1098.0000000000018,81.0,13.555555555555578,731,steady,2.859745213242823
1510000,8800.0,2025.9997924804725,155.0,13.070966403099822,731,steady,4.343534502156085
1516500,313.9999694824219,98.70000000000005,4.799999237060547,20.562503268321883,731,flashy,3.181357340247434
1518862,1910.0,1028.180038452149,46.0,22.35173996635106,664,flashy,1.8576513145259732
1532000,11500.0,2505.000000000007,126.99999237060548,19.724410633742654,731,flashy,4.59081836327344
1539000,12800.0009765625,3426.000000000008,280.0,12.235714285714314,731,steady,3.736135719954019
1542810,216.00001525878903,82.70000000000005,3.6000001430511475,22.972221309388175,731,flashy,2.6118502449672176
1543000,6979.9990234375,3659.9997558593795,231.9999847412109,15.775862054223841,731,steady,1.9071036855297752
1543500,17800.0,9095.000000000011,620.0,14.669354838709696,731,steady,1.9571192963166553
1544500,6210.0,1903.9999145507913,122.0,15.60655667664583,731,steady,3.261554768223358
1545600,1770.0,565.400000000001,40.0,14.135000000000025,731,steady,3.1305270604881446
1547700,1809.9998779296875,464.7999908447272,28.000003814697266,16.599997411455803,731,steady,3.894147834728213
1548500,22000.0,6393.99985351563,467.0,13.69164850859878,731,steady,3.440725759151164
1549500,1600.0,407.7000091552735,29.0,14.058621005354258,731,steady,3.9244541674529034
1550000,7590.00048828125,2017.0000854492191,160.00001525878906,12.606249331831998,731,steady,3.763014460453447
1552000,21300.0,5194.0000000000055,438.0,11.858447488584487,731,steady,4.100885637273773
1552500,1020.0,351.9000000000003,27.0,13.033333333333346,731,steady,2.8985507246376785
1557500,953.0,437.7000183105469,41.0,10.675610202696266,731,steady,2.177290290456075
1567500,337.9999694824219,150.50000000000068,11.0,13.681818181818244,731,steady,2.2458469733051185
1568000,9320.0,2215.000000000007,154.0,14.383116883116928,731,steady,4.207674943566579
1580000,1960.0,636.1999572753914,96.0,6.627082888285327,731,steady,3.0807924106030335
1583500,1110.0,317.7000000000005,52.999996185302734,5.9943400540866625,731,steady,3.4938621340887575
1586610,320.9999694824219,172.63999999999987,22.0,7.847272727272721,685,steady,1.8593603422290437
1591400,411.9999694824219,134.39999542236336,15.999999046325684,8.400000214576739,731,steady,3.065476067820368
1594950,43.999996185302734,27.229999561309832,2.6999998092651367,10.085185735150501,581,steady,1.6158647408801583
1596500,1060.0,585.6000000000008,37.0,15.827027027027048,731,steady,1.8101092896174837
1605500,11500.0,957.9999389648442,95.00000762939452,10.084209073983525,731,steady,12.004176130142756
1606500,35000.0,5632.0003417969,424.0000305175781,13.28301871799844,731,steady,6.214488259216473
1632000,7400.00048828125,1878.000000000011,67.00000762939453,28.029847554466347,731,flashy,3.940362347327586
1632900,1229.9998779296875,467.3000000000018,41.00000381469727,11.397559915164903,731,steady,2.632141831649225
1634500,2059.999755859375,986.1999145507879,47.00000762939453,20.982973499221373,731,flashy,2.088825729413798
1638480,3190.0,864.3000183105491,41.999996185302734,20.578573733609,731,flashy,3.690848006963492
1639500,1720.0,895.500000000003,69.0,12.97826086956526,731,steady,1.9207146845337737
1644000,8999.9990234375,2712.0000000000027,159.0,17.05660377358492,731,steady,3.3185837107070393
1664000,26000.0,4666.999658203162,399.0000305175781,11.696740103375895,731,steady,5.571031048673837
1666500,3209.99951171875,1264.000000000001,143.0,8.839160839160845,731,steady,2.5395565757268574
1667500,11700.0,3347.0001708984514,324.0000305175781,10.33024646803811,731,steady,3.495667583685636
1669000,238.0,133.44000000000005,20.000001907348636,6.671999363708558,731,steady,1.78357314148681
1669520,2140.0,785.8399999999997,82.0,9.583414634146338,715,steady,2.7232006515321197
2011400,3030.0,1013.1000427246104,86.00000762939453,11.780232009867124,731,steady,2.9908201285345726
2013000,5330.0,1448.0000000000018,65.00000762939453,22.27692046216287,731,flashy,3.6809392265193326
2014000,4739.99951171875,1112.0000000000027,84.00000762939453,13.238094035730482,731,steady,4.2625894889557
2015700,2170.0,848.6000427246138,85.0,9.983529914407221,731,steady,2.557152829067444
2016000,12799.9990234375,4081.0000000000196,266.9999389648437,15.284647688767341,731,steady,3.136485916059162
2017500,2379.999755859375,822.1000000000015,56.00000381469727,14.680356142837267,731,steady,2.895024639167219
2018000,12500.0009765625,2358.0001708984437,171.99998474121094,13.709304535382731,731,steady,5.30110265929275
2027000,1830.0,885.0000854492228,94.0,9.41489452605556,731,steady,2.0677964105179707
2027500,1099.9998779296875,490.2000000000003,56.0,8.753571428571433,731,steady,2.243981799122168
2028500,1500.0,826.5000000000016,78.0,10.596153846153866,731,steady,1.8148820326678732
2038850,204.99996948242188,52.799996185302916,4.5,11.73333248562287,731,steady,3.8825754600998326
2046000,3289.999755859375,895.8000000000015,41.999996185302734,21.328573365763145,731,flashy,3.672694525406753
2051500,12199.9990234375,5128.0000000000155,247.99996948242188,20.677421899293766,731,flashy,2.37909497336924
2053200,5309.99951171875,1638.0000000000018,56.00000381469727,29.24999800750204,731,flashy,3.241757943662237
2053800,1930.0001220703125,510.3000000000018,64.0,7.973437500000028,731,steady,3.78208920648698
2055100,396.0,58.50000267028832,6.500000953674316,8.999999090341591,731,steady,6.769230460242786
2056900,2910.0,546.7000000000005,77.0,7.100000000000007,731,steady,5.322846167916586
2059500,4800.0,970.1999816894543,100.0,9.701999816894542,731,steady,4.947433612234807
2064000,3030.000244140625,1034.0001037597665,89.0,11.617978693929961,731,steady,2.930367446892053
2065500,2610.0,804.4000000000019,62.0,12.974193548387127,731,steady,3.2446544007956164
2069700,889.9999389648438,588.4000000000005,89.0,6.611235955056186,731,steady,1.5125763748552734
2070000,2129.999755859375,518.400000000001,91.0,5.6967032967033076,731,steady,4.108795825346009
2074500,2979.999755859375,520.5000000000007,69.00000762939453,7.543477426780221,731,steady,5.725263700018004
2077200,1269.9998779296875,323.87999755859727,16.0,20.24249984741233,731,flashy,3.9212050373685567
2081500,2680.0,1789.2000000000007,42.0,42.600000000000016,731,flashy,1.497876145763469
2082950,5719.99951171875,1501.999914550784,73.0,20.57534129521622,731,flashy,3.808255550686552
2092500,7960.0,1337.0000000000005,72.99999237060547,18.315070407299977,731,flashy,5.953627524308151
2096846,260.0,73.29999999999973,1.700000524520874,43.11763375523576,527,flashy,3.547066848567544
2102908,131.0,39.700000000000045,8.699999809265137,4.56321849084654,731,steady,3.2997481108312305
2108000,13600.0,5451.999658203142,394.99993896484375,13.802532913019986,731,steady,2.494497588520073
2111180,5890.0,521.5000183105481,59.0,8.83898336119573,731,steady,11.294342844092794
2111500,4700.0,490.69999084472795,95.0,5.1652630615234525,731,steady,9.57815383674466
2112120,7460.0,780.0999389648475,121.99999237060548,6.3942621946655445,731,steady,9.562877302489007
2112360,1400.0001220703125,500.5000000000007,95.0,5.268421052631586,731,steady,2.7972030410995217
2118500,3979.999755859375,912.9000000000026,120.0,7.607500000000021,731,steady,4.359732452469453
2125000,1730.0001220703125,680.3399999999993,12.0,56.69499999999994,731,flashy,2.5428464033723053
2128000,5510.0,1274.2000000000007,42.99999237060547,29.632563397174835,731,flashy,4.324281902370112
2137727,7250.0,915.0000000000032,169.0,5.414201183431971,731,steady,7.923497267759536
2140991,15700.0,1304.300101318368,243.50000762939453,5.3564684207464355,618,steady,12.03710709224868
2143000,3830.0,621.499938964844,87.0,7.143677459366023,731,steady,6.162510661512147
2143040,1280.0,238.8999954223636,28.0,8.532142693655842,731,steady,5.357890433346481
2149000,2570.0,470.70000000000005,91.0,5.172527472527473,731,steady,5.459953261100488
2152100,2550.0,372.6000213623064,53.00000381469727,7.030188576306891,731,steady,6.843799929685049
2177000,9610.0,2333.0000000000086,474.0000305175781,4.921940611380383,731,steady,4.119159879982839
2178400,2099.999755859375,730.5000000000043,130.99998474121094,5.576336527390436,731,steady,2.8747429922783883
2193340,862.0,200.57000000000232,8.79999828338623,22.792049900585116,593,flashy,4.297751408485766
2196000,6810.0,3706.000000000031,81.99998474121094,45.195130361256,656,flashy,1.8375607123583224
2198100,291.0,203.12,6.799998283386231,29.87059577592294,589,flashy,1.4326506498621505
2202600,6299.99951171875,1881.0000000000014,32.00000762939453,58.78123598546128,731,flashy,3.349282037064724
2212600,4940.0,582.8699999999994,17.0,34.28647058823526,731,flashy,8.47530324085989
2215100,1990.0,1144.200000000003,57.0,20.07368421052637,594,flashy,1.7392064324418763
2216180,1060.0,502.5600195312503,22.000003814697266,22.84363329044113,679,flashy,2.1092008094648818
2221525,2630.0,1345.0000000000023,75.00000762939453,17.933331509060547,731,flashy,1.9553903345724875
2231000,7359.99951171875,6220.99951171877,185.99996948242188,33.446239421596744,731,flashy,1.183089549815009
2245500,5449.99951171875,1067.0000000000005,59.999996185302734,17.783334463967297,731,flashy,5.107778361498358
2246000,3650.000244140625,1297.0000000000005,73.99999237060547,17.52702883406241,731,flashy,2.8141867726604657
2296500,5899.99951171875,2382.0000000000027,50.99998474121094,46.705896326969075,731,flashy,2.4769099545418736
2297155,2240.0,273.93999999999994,6.999998092651367,39.134296377535236,731,flashy,8.176973059794117
2297310,3929.99951171875,1776.0000878906264,46.9999885559082,37.78724511343252,731,flashy,2.2128374533958786
2298123,3699.99951171875,1776.0000000000036,72.99998474121094,24.328772208597353,731,flashy,2.083333058400193
2298608,5490.00048828125,1330.3999999999996,44.999996185302734,29.564446950653657,731,flashy,4.126578839658187
2299950,4700.0,775.9000000000008,19.99999618530273,38.795007399560475,731,flashy,6.057481634231209
2300700,3039.999755859375,513.8999298095715,17.999998092651367,28.549999125798518,731,flashy,5.915548104834075
2342933,4260.0,2184.000000000001,28.000003814697266,77.99998937334482,731,flashy,1.9505494505494498
2349900,3900.0,342.8000000000011,13.000003814697266,26.36922303149216,731,flashy,11.37689614935819
2350900,16000.0,2722.6999999999953,326.5,8.339050535987734,622,steady,5.876519631248403
2361000,37700.0,4346.000000000004,496.0,8.762096774193555,731,steady,8.674643350207079
2363000,10500.0,3543.799755859376,268.0000305175781,13.223131911647071,555,steady,2.962921362201442
2369800,1729.9998779296875,985.8000000000143,74.0,13.321621621621814,731,steady,1.7549197382122768
2371500,5910.0,3934.999829101574,284.0000305175781,13.855631712187503,731,steady,1.5019060372740476
2372250,10400.0,3780.000000000009,266.9999694824219,14.15730498893884,731,steady,2.7513227513227445
2374500,3329.999755859375,1433.9999145507868,188.9999847412109,7.587301747745101,731,steady,2.3221757003399315
2381600,375.0,93.39999465942392,9.90000057220459,9.434342349601003,731,steady,4.014989522937441
2384540,295.0000305175781,104.5200076293945,9.200000762939451,11.360869452362934,625,steady,2.822426415845518
2395120,1740.0001220703125,410.70003051758226,22.000003814697266,18.66817996836942,731,flashy,4.236669083947931
2415000,4780.0,1798.2002294921858,160.0,11.238751434326161,607,steady,2.6582134300749583
2427250,7180.0,3836.800000000003,111.0,34.56576576576579,503,flashy,1.8713511259382805
2430085,262.9999694824219,182.0,12.999999046325684,14.000001027033955,731,steady,1.4450547773759443
2450250,3190.0,1344.9998779296898,40.0,33.62499694824224,731,flashy,2.371747427152375
2464000,9340.0,4096.000000000013,106.0,38.64150943396238,731,flashy,2.280273437499993
2464360,2429.999755859375,611.6000000000045,46.0,13.29565217391314,581,steady,3.973184689109479
2465493,971.0,202.70001068115283,26.000001907348636,7.79615368504499,731,steady,4.790330285316972
2469800,12200.0,2224.0000000000055,85.00000762939453,26.164703533872462,731,flashy,5.485611510791354
2472000,29700.001953125,10443.000000000055,348.9999694824219,29.92263871967484,731,flashy,2.844010528882969
2472500,7739.99951171875,3632.0000000000027,227.9999847412109,15.929825627499351,731,steady,2.1310571342837954
2479155,3150.0,691.2000000000021,33.000003814697266,20.94545212422555,731,flashy,4.557291666666653
2479300,14199.9990234375,5067.0000000000055,415.0,12.20963855421688,731,steady,2.8024470146906424
2479560,11900.0,7862.999853515634,552.0,14.244564952021076,731,steady,1.5134172989561203
2481000,9860.0,2095.0000976562524,60.00000381469727,34.91666607432902,731,flashy,4.706443694695154
2481510,18700.0,5594.999658203164,231.00001525878903,24.220776141227056,731,flashy,3.3422700880030995
3010655,2870.0,1315.0000000000023,88.0,14.943181818181843,731,steady,2.1825095057034183
3011800,954.0,490.70000000000095,50.0,9.81400000000002,731,steady,1.9441614020786593
3015500,7839.99951171875,4230.000000000005,359.0,11.78272980501394,731,steady,1.8534277805481658
3021350,2750.0,2073.0002075195353,96.0,21.593752161661826,731,flashy,1.326579703188035
3026500,221.9999847412109,85.79999465942402,8.399999618530273,10.214285542364848,731,steady,2.5874125706233606
3028000,1689.9998779296875,775.7999572753909,81.0,9.577777250313467,731,steady,2.1783964565620324
3049000,1740.0001220703125,1338.0000854492205,98.00000762939452,13.653061033516648,731,steady,1.3004484386756405
3049800,94.0,53.70000152587896,2.5999999046325684,20.65384749830129,731,flashy,1.750465499608967
3050000,7740.0,2466.999999999996,194.0,12.716494845360804,534,steady,3.137413862991493
3069500,22599.998046875,12680.000000000018,1080.0,11.740740740740758,731,steady,1.7823342308261017
3070500,5800.0,2800.999829101573,219.9999847412109,12.731818288062287,731,steady,2.0706891659684117
3076600,1059.9998779296875,623.2000000000007,48.0,12.983333333333348,731,steady,1.7008983920566212
3078000,1430.0,831.3000000000013,73.99999237060547,11.2337849419862,731,steady,1.7201972813665316
3140000,459.0,197.90000000000032,12.0,16.491666666666692,731,steady,2.3193532086912545
3144000,5220.0,1336.9997924804693,67.0,19.955220783290585,731,flashy,3.9042638819828035
3170000,4110.0,1237.000000000005,245.9999847412109,5.0284555964558875,731,steady,3.3225545675020074
3173000,6779.9990234375,1900.0000000000045,144.99996948242188,13.10345103369376,731,steady,3.5684205386513073
3180500,3899.99951171875,1996.9999633789112,151.0,13.22516532039014,731,steady,1.9529291853966666
3182500,13899.9990234375,6334.999658203159,445.9999694824219,14.204036079990896,731,steady,2.1941593959580503
3186500,6800.0,2854.999682617194,186.0,15.349460659232227,731,steady,2.3817866045317393
3237280,780.0,127.40000000000146,3.900000095367432,32.666665867862925,731,flashy,6.122448979591767
3237500,49399.99609375,3759.000000000003,110.99998474121094,33.86486952015229,731,flashy,13.141791990888523
3238500,15300.0,3187.300000000031,47.0000114440918,67.81487710468835,731,flashy,4.800301195369074
3241500,899.0,582.100000000002,32.000003814697266,18.190622831508836,731,flashy,1.5444081772891205
3280700,2350.0,625.0000183105474,27.99999618530273,22.321432266430502,731,flashy,3.7599998898437503
3281500,27399.998046875,10892.00000000003,354.9999694824219,30.681692778397142,731,flashy,2.515607606213269
3285000,16099.9990234375,4096.900000000014,136.99998474121094,29.904382892734926,731,flashy,3.929800342560825
3291780,1630.0001220703125,594.7999999999997,9.999999046325684,59.48000567245535,731,flashy,2.7404171521020735
3338780,11200.0,3180.0000683593817,118.00001525878906,26.949149636847388,529,flashy,3.5220125029048437
3340800,5890.0,1122.0000000000027,56.0,20.035714285714334,731,flashy,5.249554367201413
3346000,20500.001953125,3081.700417480479,57.500003814697266,53.59478631361033,731,flashy,6.652172234796687
3364500,3169.999755859375,1136.0599987793005,37.999996185302734,29.896318758544894,731,flashy,2.7903453684361286
3366500,9830.0,3030.9999267578182,98.9999771118164,30.616167954609004,731,flashy,3.243154152931602
3368000,1030.0,247.48000640869094,3.0999999046325684,79.83226258777057,731,flashy,4.161952373231507
3384450,1600.0,933.3599401855465,10.999999046325684,84.85091100960737,731,flashy,1.7142368459502657
3439000,5140.0,815.6000000000035,174.0,4.687356321839101,731,steady,6.302108876900414
3455500,2340.0,505.1000091552736,64.0,7.89218764305115,731,steady,4.63274590692129
3456500,4260.0,721.7000183105506,92.0,7.844565416419028,731,steady,5.902729516305629
3460000,1209.9998779296875,612.6000000000031,81.0,7.5629629629630015,731,steady,1.9751875251872044
3463300,4880.0,658.5000427246118,88.00000762939453,7.482954382206825,731,steady,7.410781599661705
3471500,1519.999755859375,714.299957275392,66.0,10.822726625384727,731,steady,2.127957226341192
3473000,5820.0,2708.000000000002,298.0,9.087248322147657,731,steady,2.1491875923190533
3479000,6950.0,1097.0000000000005,105.99999237060548,10.349057348651337,731,steady,6.335460346399268
3488000,5430.0,1815.0000366210961,147.00001525878906,12.34693774300529,731,steady,2.991735476826098
3498500,6249.99951171875,2635.0000000000023,296.0,8.902027027027035,731,steady,2.37191632323292
3500000,4260.0,1436.9999267578175,270.0,5.32222195095488,731,steady,2.964509545669554
3500240,1800.0,691.1000000000024,99.0,6.980808080808105,731,steady,2.6045434814064445
3504000,1709.999755859375,835.8999816894543,153.99998474121094,5.427922496837525,731,steady,2.045698999063572
3574500,18800.0,5485.000488281252,221.0,24.819006734304306,731,flashy,3.427529321130664
3592718,658.0,286.0999954223652,17.0,16.82941149543325,731,steady,2.299895178357498
3604000,18000.0,4604.999658203132,445.0,10.348313838658722,731,steady,3.908795078396073
4015330,1910.0,1063.5199999999986,22.9999942779541,46.240011503802904,731,flashy,1.7959229727696728
4024430,5430.0,3014.000000000001,139.99996948242188,21.528576121428603,731,flashy,1.801592568015925
4027000,9170.0,4713.000000000013,276.0,17.076086956521785,731,steady,1.9456821557394388
4040500,2480.0,1520.0000000000045,93.00000762939452,16.344084680693918,731,steady,1.6315789473684161
4043050,814.0,377.30003051757853,22.0,17.15000138716266,731,steady,2.1574342278301923
4045500,6570.0,4437.000000000018,573.0,7.7434554973822305,731,steady,1.4807302231237263
4057510,1559.9998779296875,867.5999572753947,123.99999237060548,6.996774279488275,731,steady,1.7980635716358275
4057800,984.9999389648438,383.20002136230494,29.000003814697266,13.213792101920287,731,steady,2.5704589876146007
4059500,4120.0,2482.0000000000027,165.0,15.042424242424259,731,steady,1.6599516518936324
4063700,1360.0,495.9999694824219,60.99999237060547,8.131148057674729,731,steady,2.7419356525750715
4074950,2110.0,1263.999963378907,347.0,3.6426511912936803,731,steady,1.669303845832066
4105700,234.0,111.40000000000009,41.0,2.7170731707317097,731,steady,2.100538599640932
4115265,224.00001525878903,111.0,27.0,4.111111111111111,555,steady,2.0180181554845857
4122200,1919.9998779296875,1350.9999145507827,410.0,3.295121742806787,731,steady,1.4211695036028935
4122500,2760.0,1922.0000854492214,736.0,2.6114131595777463,731,steady,1.4360040984883287
4127918,3540.0,1357.9998779296893,119.9999771118164,11.316667807897165,731,steady,2.606774902952741
4127997,625.0,484.29997863769574,204.0,2.3740195031259597,731,steady,1.2905224603934202
4161580,155.0,96.79999465942402,12.000000953674316,8.066665580537686,731,steady,1.6012397577638697
4185000,6760.0,2919.999829101572,160.0,18.249998931884825,731,flashy,2.3150686286443802
4196800,3960.0,2182.0000000000073,40.999996185302734,53.21951714674034,731,flashy,1.8148487626031105
4197100,2690.000244140625,1413.9998291015634,31.000009536743164,45.6128836807486,731,flashy,1.9024049287543516
4197170,914.0,407.6200204467779,6.09999942779541,66.822960439866,668,flashy,2.2422843681676796
4213000,10000.0,2625.0000000000023,120.99999237060548,21.69421624391518,731,flashy,3.809523809523806
4213075,77.99999237060547,42.10000000000002,3.299999952316284,12.757575941917771,591,steady,1.8527314102281573
4216418,1969.9998779296875,957.2000000000003,64.0,14.956250000000004,731,steady,2.0580859568843364
4221000,7390.00048828125,2974.000244140626,201.0,14.796021115127493,731,steady,2.484868823679832
4224775,2400.0,742.9000000000003,51.999996185302734,14.28653950959276,731,steady,3.230582850989365
4233000,1300.0,387.59999084472963,24.000001907348636,16.149998335043847,731,steady,3.3539732474368726
4256000,2299.999755859375,1234.000000000001,130.0,9.4923076923077,731,steady,1.8638571765473042
4296000,2019.9998779296875,1186.0000000000036,121.0,9.801652892562014,731,steady,1.7032039442914682
5057200,1700.0,482.8399694824225,6.000025749206543,80.47298289449414,731,flashy,3.5208352817648985
5120500,799.9999389648438,300.5600219726562,4.100009441375732,73.30715362250609,731,flashy,2.6616977657714727
5291000,8089.99853515625,1096.0000000000036,18.000011444091797,60.88885017680071,731,flashy,7.381385524777576
5362000,8680.0,4127.000000000009,187.0000457763672,22.069513314106224,731,flashy,2.103222679912765
5393500,1789.9998779296875,865.2999572753924,31.999998092651367,27.040625276602878,731,flashy,2.0686466731905755
5399500,9270.0009765625,2500.000244140625,30.000001907348636,83.33333617316333,731,flashy,3.708000028515622
5408000,8119.9990234375,782.3999389648461,154.00001525878906,5.080518580794057,731,steady,10.378322669836429
5413500,3780.0,664.1999816894534,147.00001525878906,4.518366753364954,731,steady,5.691057067459147
5414000,4760.00048828125,461.6000000000013,82.00000762939453,5.629267768928006,731,steady,10.311959463347566
5444000,3180.0,596.900000000004,80.00000762939453,7.461249288439868,731,steady,5.327525548668083
5454000,449.99993896484375,148.39999999999986,8.100000381469727,18.320986791493585,731,flashy,3.032344602188977
5458000,11000.0009765625,1745.000085449221,98.00000762939452,17.80612193468665,731,flashy,6.303725179320398
5466500,9159.9990234375,3191.000000000006,166.0,19.222891566265094,731,flashy,2.8705731818983025
5487980,24699.998046875,3273.999829101568,38.00000762939453,86.15787294129377,731,flashy,7.544288129560785
5488200,2410.0,1168.8999999999999,9.100001335144045,128.4505306043999,614,flashy,2.061767473693216
5489000,17700.0,3634.999829101574,46.999977111816406,77.34045955923854,731,flashy,4.869326226178869
5495000,14400.0,4412.000000000012,48.999977111816406,90.04085838513693,731,flashy,3.2638259292837626
5495500,17699.998046875,3385.9998925781265,36.00000762939453,94.0555326386489,731,flashy,5.227406558893327
5501000,18300.0,4902.00000000008,48.9999885559082,100.04083969135985,731,flashy,3.733170134638862
5503800,3650.0,1773.5998779296865,5.499996662139893,322.47290078165776,731,flashy,2.057961350482627
5507600,9240.0,2485.9999169922003,5.000006198883057,497.1993669822937,731,flashy,3.7168142833968525
5508805,16100.0,3627.6001782226585,21.499996185302734,168.7256196213869,731,flashy,4.438195834439558
5525500,15200.0,3927.000000000014,164.9999542236328,23.800006602896094,731,flashy,3.8706391647567977
5556500,11500.0009765625,1645.0000000000114,81.0,20.30864197530878,731,flashy,6.990882052621532
5584500,10300.0,4694.6000000000095,142.50000762939453,32.94455963966994,731,flashy,2.194010139308989
5591550,1680.0,352.15999999999985,13.000001907348633,27.08922679472309,731,flashy,4.770558836892324
5592050,3810.0,1328.3999999999992,17.9999942779541,73.8000234603956,731,flashy,2.8681120144534797
5592575,1600.0,823.1599096679695,5.799997806549072,141.9241760296009,529,flashy,1.9437292574724363
5593575,5380.0,1188.0999999999995,5.749999761581421,206.62609552408688,731,flashy,4.528238363774095
5593900,2950.0,960.7200610351565,6.999999523162842,137.24573235414593,731,flashy,3.0706135113088346
5595730,6150.0,1481.8000000000006,8.599996566772461,172.30239436666582,731,flashy,4.150357673100282
6221400,1130.0,743.44,31.999998092651367,23.232501384764994,529,flashy,1.5199612611643172
6224000,2780.0,2076.9999633789157,76.00000762939453,27.328944143100248,731,flashy,1.338468969194119
6278300,592.0,426.09998779296933,5.799999713897705,73.46551876062463,731,flashy,1.3893452639281396
6280300,5020.0,2909.000000000003,144.00001525878906,20.201386748272945,731,flashy,1.7256789274664814
6289000,1320.0001220703125,949.4000610351595,76.00000762939453,12.492104812210044,731,steady,1.3903518403306996
6291500,519.0,352.6000256347653,21.000003814697266,16.79047436115184,685,steady,1.471922751751576
6311000,198.00001525878903,141.90000000000032,3.899998664855957,36.38462784069729,731,flashy,1.3953489447412868
6332515,250.00001525878903,61.00000381469727,0.2099983692169189,290.47846439077347,731,flashy,4.0983606495866205
6339100,740.0,202.32000000000005,1.2999985218048096,155.63094619455092,731,flashy,3.6575721629102405
6344600,923.9999389648438,195.09998992919967,1.0000070333480835,195.09861773271055,731,flashy,4.7360327353177025
6350000,3130.000244140625,546.6400000000067,4.9999823570251465,109.32838577559355,731,flashy,5.725889514379824
6352000,3989.999755859375,538.3999938964818,3.700026273727417,145.51247857872536,731,flashy,7.410846584494079
6404000,437.0,125.34999999999945,2.90000057220459,43.224129402398006,731,flashy,3.486238532110107
6406000,438.0,229.7500000000009,6.100008964538574,37.66387907552526,731,flashy,1.906420021762778
6409000,90.0,45.70000038146978,12.000001907348633,3.808332759804291,731,steady,1.9693654102570375
6431500,868.0,180.59998474121127,50.00000762939453,3.6119991436768952,731,steady,4.806201956460798
6440200,1380.0,732.4400000000021,0.9499980807304382,770.9910313048641,529,flashy,1.8841133744743543
6447500,399.0,108.49998550415063,15.00001335144043,7.233325928588692,731,steady,3.6774198461504533
6470800,465.0,289.1999999999997,1.6999762058258057,170.12002815622566,731,flashy,1.6078838174273875
6477500,5260.0,1004.1999999999996,1.000023365020752,1004.1765373943648,731,flashy,5.238000398327029
6479215,925.0,139.8499999999998,1.4999979734420776,93.2334592953369,642,flashy,6.614229531641054
6601000,2670.0,300.0,40.0000114440918,7.499997854233402,731,steady,8.9
6614800,33.999996185302734,29.09999599456801,0.6800000667572021,42.7941075555193,731,flashy,1.1683849094566676
6622700,825.9999389648438,462.29997863769574,10.999999046325684,42.02727442891163,731,flashy,1.7867185315450327
6623800,1300.0,1003.100000000001,30.0,33.4366666666667,731,flashy,1.2959824543913854
6632400,1309.9998779296875,771.6000610351603,14.0,55.11429007394002,731,flashy,1.6977705732322297
6746095,136.0,104.0,1.900000095367432,54.73683935783589,731,flashy,1.3076923076923077
6803510,443.0,170.8000045776369,6.000001430511475,28.46666064262537,731,flashy,2.5936767454747636
6803530,3579.999755859375,514.2000000000012,13.999999046325684,36.72857393050706,731,flashy,6.962271014895696
6814000,8490.0,2464.6001782226567,24.49999713897705,100.59593738897723,731,flashy,3.4447778081889746
6847900,1300.0001220703125,61.03997604370171,2.900023937225342,21.048093865770973,731,flashy,21.297520188074362
6853800,2060.0,432.49996948242176,8.399996757507324,51.4881114800293,731,flashy,4.763006116428698
6876700,6140.0,1094.000000000001,13.999985694885254,78.14293698883436,731,flashy,5.612431444241311
6878000,6960.0,2196.0000000000036,24.00000762939453,91.49997091294274,731,flashy,3.1693989071038198
6879650,234.0,43.389999999999986,1.600000023841858,27.118749595899132,731,flashy,5.392947683798112
6885500,11000.0,3678.0000732421986,34.000003814697266,108.1764606053456,731,flashy,2.9907557860115475
6888500,11100.0,3529.0000000000077,56.00000381469727,63.01785285010672,731,flashy,3.145366959478599
6889200,24900.0,1981.7998779296881,19.99999046325684,99.09004114629802,731,flashy,12.564336226527622
6889500,30600.0,4157.0000000000055,37.99999237060547,109.39475880567842,731,flashy,7.361077700264604
6892000,10900.0,4640.000000000009,51.0000228881836,90.98035132598086,731,flashy,2.349137931034478
6903400,15099.9990234375,2167.4,14.000011444091797,154.81415916375366,731,flashy,6.966872300192627
6906800,39600.0,13479.999560546894,63.0,213.96824699280785,556,flashy,2.9376855557103148
6910800,7220.0,2970.3002514648433,15.0,198.0200167643229,731,flashy,2.4307306968173874
6911900,4370.0,2357.4000000000015,12.00000286102295,196.44995316268142,731,flashy,1.853737168066513
6917000,6800.0,3854.100197753873,45.0,85.64667106119718,731,flashy,1.7643547523655365
6918460,8340.0,1975.0000000000114,133.99996948242188,14.738809326811765,731,steady,4.222784810126558
6919500,10000.0,3482.0000488281185,73.99999237060547,47.054059565163556,731,flashy,2.871912653581249
6921070,9490.0,2439.0000000000214,85.0,28.694117647059073,731,flashy,3.89093890938906
6921200,4700.0,1069.6000000000004,26.0000057220459,41.13845248476488,731,flashy,4.394166043380702
7057500,7800.0,3549.999755859375,500.0,7.09999951171875,731,steady,2.197183249696251
7060710,1309.9998779296875,411.10000000000014,12.0,34.25833333333335,731,flashy,3.1865723131347288
7066000,6180.0,3052.0000000000073,272.0,11.220588235294144,731,steady,2.0249017038007815
7083000,286.0,211.50000457763693,9.899999618530272,21.36363764921394,731,flashy,1.3522458336165935
7142300,942.0,179.00001525878906,7.500004291534424,23.866655044562314,731,flashy,5.262569383796446
7145700,3610.000244140625,1463.0000000000086,9.999999046325684,146.30001395225744,731,flashy,2.467532634409162
7167500,3319.999755859375,1175.999896240238,12.000001907348633,97.99997577667652,731,flashy,2.823129293185883
7180500,4370.0,844.7500457763672,17.9999942779541,46.93057301751445,731,flashy,5.173127864093518
7184000,4609.99951171875,2379.000000000003,18.499999046325684,128.59460122364172,731,flashy,1.9377887817228852
7195800,223.9999847412109,98.78000000000065,8.34999942779541,11.829940930436784,731,steady,2.267665364863428
7196900,3820.0,787.1199731445346,15.000001907348633,52.474658203804466,731,flashy,4.853135646830491
7197000,7130.0,3314.000146484385,154.00003051757812,21.51947720624713,731,flashy,2.1514784806403133
7208500,254.0,111.0,6.3000006675720215,17.619045752066352,731,flashy,2.2882882882882885
7261000,4050.0,1611.600008544916,73.99999237060547,21.778380739199658,731,flashy,2.5130305153427437
7263295,1760.0001220703125,984.759921874999,18.000001907348633,54.70887875144966,506,flashy,1.7872377652405305
7291000,13400.0,3861.9998291015745,86.00000762939453,44.90697077312299,731,flashy,3.4697049696963016
7299670,6700.0,498.9000091552747,11.999988555908203,41.5750404119878,731,flashy,13.429544752553275
7301410,570.0,138.9999911499044,9.799999237060549,14.18367367052945,731,steady,4.10071968555224
7315200,5639.99951171875,1276.6999999999996,0.6850084066390991,1863.7727473505838,731,flashy,4.417638843674122
7315700,10600.0,4534.399589843739,17.000011444091797,266.7292080805998,731,flashy,2.3376854619831353
7335700,4680.0,885.6799096679745,34.0,26.0494091078816,731,flashy,5.2840760515324865
7340300,5890.0,2768.999829101584,57.99999237060547,47.74138264378324,731,flashy,2.1271218358691772
7346045,7060.0,2355.599999999995,158.0,14.908860759493638,731,steady,2.9971132620139307
7359610,10499.9990234375,3710.7995117187606,107.99999237060548,34.35925716536193,529,flashy,2.8295786367003513
7362100,11200.0,3637.500244140625,89.5000114440918,40.64245563156013,731,flashy,3.079037594029371
7362587,1700.0,899.9200000000001,9.599998474121094,93.74168156650569,504,flashy,1.8890568050493375
7375000,5520.0,2272.999755859388,68.0,33.42646699793218,731,flashy,2.428508839814181
8013000,15299.998046875,11669.999316406254,150.0,77.79999544270837,731,flashy,1.3110538940105605
8014500,27200.0,8858.000000000015,363.0,24.402203856749352,731,flashy,3.070670580266421
8023080,3200.0,1546.3999707031237,8.399998664855957,184.0952638686689,731,flashy,2.0693223361515005
8050800,2260.0,626.3299548339858,4.049999952316284,154.64937338475124,607,flashy,3.6083217520692155
8066200,6350.0,3199.4997558593777,16.49999761581421,193.90910413180052,731,flashy,1.984685258491106
8066300,3420.0,1287.0000366210943,52.99999237060547,24.283023054450144,731,flashy,2.6573425817289875
8070000,5570.00048828125,2994.000000000001,62.0,48.290322580645174,731,flashy,1.8603876046363554
8070200,4550.0,2742.400000000016,75.50001907348633,36.323169631662736,644,flashy,1.659130688448065
8082700,809.0,480.9600000000007,0.5000059604644775,961.9085331567164,731,flashy,1.682052561543577
8086212,16400.0,1725.9000476074245,2.900012731552124,595.1353346934104,731,flashy,9.502288398876251
8086290,8470.0,1277.7999865722654,0.2950015962123871,4331.501940932924,731,flashy,6.628580442171559
8101000,5490.0,1553.199999999997,13.999998092651367,110.94287225762378,731,flashy,3.5346381663662183
8103900,737.0,160.0,3.799998641014099,42.10527821591565,731,flashy,4.60625
8104900,3189.999755859375,828.75,12.000004768371582,69.06247255703904,731,flashy,3.849170142816742
8109700,5080.0,1274.9000000000012,12.500002861022947,101.99197665588925,731,flashy,3.984626245195698
8150800,1670.0,254.36000167846646,4.149997711181641,61.29160047320648,731,flashy,6.5654976764429644
8158700,3610.0,707.4899999999958,11.000005722045898,64.31723927034551,731,flashy,5.102545619019381
8158810,224.0,89.02999999999997,1.8999993801116943,46.85791002456338,731,flashy,2.5160058407278454
8164300,9870.0,3477.5000610351562,17.999990463256836,193.19455019344235,731,flashy,2.838245816467929
8164600,3370.0,720.6199914550776,3.1999988555908203,225.19382786530045,731,flashy,4.676528600317191
8165300,2620.000244140625,224.90001068115265,24.99999237060547,8.996003172608402,731,steady,11.649622586523913
8171300,19600.001953125,1630.0,62.00001525878906,26.29031611034858,731,flashy,12.02454107553681
8175000,9790.0,2604.9998291015695,9.500024795532228,274.2097926235599,731,flashy,3.7581576361855054
8176900,24600.001953125,970.94,12.0,80.91166666666668,731,flashy,25.33627407782664
8178880,16800.0,1913.5999792480436,60.99998474121094,31.370499310227466,685,flashy,8.779264309253193
8189500,13000.0,4326.000000000045,17.000015258789062,254.47035982885302,731,flashy,3.005085529357343
8190000,37900.0,1907.000000000005,99.0000228881836,19.262621809228087,731,flashy,19.87414787624536
8190500,24000.001953125,365.36004028320554,0.8399651050567627,434.97049827863435,731,flashy,65.68863396917084
8194200,6120.00048828125,1514.000000000005,0.7899773120880127,1916.5107362365968,731,flashy,4.0422724493271005
8195000,22800.0,1176.0000000000036,83.00000762939453,14.168673396404872,731,steady,19.387755102040757
8196000,7080.00048828125,390.4000305175796,13.999994277954102,27.885727862928167,731,flashy,18.13524573472706
8198500,16100.0,888.9499566650406,1.9999991655349727,444.47516378201016,731,flashy,18.111255734125127
8200000,11100.0,787.0000036621065,13.0,60.538461820162034,731,flashy,14.104193072870322
8267500,351.9999389648437,220.3999801635743,19.0,11.599998955977595,731,steady,1.5970960555604399
8269000,357.9999694824219,263.00000000000045,11.00000286102295,23.909084690505498,731,flashy,1.3612166140016018
8271000,183.9999847412109,129.0999893188478,11.000000953674316,11.736361647834649,731,steady,1.425251742560354
8324000,1280.0,588.2000000000007,33.99998092651367,17.300009705044097,731,steady,2.1761305678340674
8377900,755.0,309.2000000000003,15.000000953674316,20.613332022772997,731,flashy,2.4417852522639047
8378500,1880.0,804.6999389648443,50.99999237060547,15.778432536171199,731,steady,2.33627456517321
8380500,558.0,181.80000000000018,10.000001907348633,18.179996532440864,731,flashy,3.0693069306930663
9035800,150.0,80.70000000000005,3.40000057220459,23.735290123105322,731,flashy,1.8587360594795528
9035900,340.0,269.9000091552738,13.000000953674316,20.761537642732968,731,flashy,1.2597257816482608
9047700,103.99999237060548,59.399996185302825,3.299999475479126,18.00000170505438,731,flashy,1.750841734840682
9065500,447.0,231.70000000000005,8.09999942779541,28.60494029233064,731,flashy,1.9292188174363396
9066000,275.0,152.4000000000001,4.400000095367432,34.63636288564071,731,flashy,1.8044619422572168
9066200,215.0,104.70000000000005,2.5999996662139893,40.269235938964485,731,flashy,2.0534861509073536
9066300,142.99998474121094,55.999996185302734,1.0999996662139893,50.909102889135546,731,flashy,2.553571330041295
9081600,2499.999755859375,2001.9998779296902,103.00000762939452,19.436890579009553,731,flashy,1.248751202944466
9107000,913.0,724.759938964844,53.00000381469727,13.67471484528201,555,steady,1.2597274641090324
9210500,833.0,504.19996948242215,33.000003814697266,15.27878518783279,731,steady,1.6521222737381398
9223000,1950.0,936.0000000000014,21.999998092651367,42.5454582340465,731,flashy,2.0833333333333304
9306242,59.00000381469727,20.400000572204682,0.7100013494491577,28.73234056249565,731,flashy,2.8921569686172313
9312600,720.0000610351562,284.2600000000002,6.200003623962402,45.84836029794617,731,flashy,2.532892637146119
9352900,1110.0,831.3999816894536,68.0,12.226470318962553,731,steady,1.3350974554322395
9378170,58.999996185302734,18.100000000000023,0.2000003457069397,90.4998435678803,607,flashy,3.2596682975305336
9386900,280.0,122.85999671936025,0.1900013238191604,646.6270563267024,731,flashy,2.2790168279068306
9404450,190.0,88.60000000000036,13.0,6.815384615384644,731,steady,2.144469525959359
9430600,808.0,333.0,8.400002479553223,39.64284544088748,731,flashy,2.4264264264264264
9447800,1970.0001220703125,67.65001010894795,4.1000142097473145,16.49994528021825,716,steady,29.120470475875713
9484600,209.00001525878903,110.94997741699223,0.7700002193450928,144.09083871606992,503,flashy,1.8837319314927614
9492400,300.0,207.70000000000005,17.999996185302734,11.538891334298738,731,steady,1.4443909484833892
9494000,3219.999755859375,1317.0000000000005,81.0000228881836,16.259254664878945,731,steady,2.444950460029897
9497980,1410.0,291.2000000000012,7.600008487701416,38.315746682550504,731,flashy,4.842032967032948
9505350,3939.999755859375,1112.5200781249966,19.99999618530273,55.626014516070114,731,flashy,3.541508897978467
9505800,5059.99951171875,819.1000427246131,17.999988555908203,45.505586860818134,731,flashy,6.177510984967627
9508300,2130.000244140625,156.76000000000045,0.8500008583068848,184.42334318608857,731,flashy,13.587651468108056
9510200,1960.0,305.86999999999864,0.7250027358531952,421.8880631395767,731,flashy,6.4079510903325225
9512280,851.0000610351562,202.040015258789,1.3999974727630615,144.31455712562038,731,flashy,4.212037204338593
9513780,1840.0,328.550030517578,2.0000011920928955,164.27491734330806,731,flashy,5.600364721017905
10234500,743.0,360.4000000000001,24.999998092651367,14.416001099853602,731,steady,2.061598224195338
10244950,69.0,36.100000000000136,4.300000190734863,8.395348464817324,731,steady,1.9113573407202145
10259000,101.0,22.400000572204682,1.9000004529953003,11.78947117454192,731,steady,4.508928456248662
10336645,242.9999847412109,140.0999893188478,3.200000286102295,43.78124274779181,731,flashy,1.7344753980542942
10336660,402.00006103515625,249.70000000000005,8.800000190734863,28.374999384988456,731,flashy,1.6099321627359078
10343500,173.0,99.70000000000005,4.299999713897705,23.186048054321304,731,flashy,1.735205616850551
11124500,2910.0,373.2800250244143,5.899996280670166,63.267840735318956,731,flashy,7.795756014026393
11141280,350.0,126.80000000000018,3.899999856948853,32.51282170538375,731,flashy,2.7602523659305955
11143000,2250.0,1046.9999633789066,28.0,37.39285583496095,731,flashy,2.1489972098363204
11148900,16300.0,3237.0002075195225,33.50000762939453,96.62684986015411,731,flashy,5.035526399453187
11151300,1930.0,266.70002258300786,1.7000116109848022,156.88129472745825,731,flashy,7.236594812808108
11176400,2330.0,910.5100262451183,7.149996042251587,127.34413010365694,731,flashy,2.559005318819785
11230500,1039.9998779296875,725.1000000000001,34.0,21.3264705882353,731,flashy,1.4342847578674491
11237500,688.0,494.89996032714964,5.800001621246338,85.3275555155453,731,flashy,1.390179945751467
11264500,3920.000244140625,3078.0001708984437,121.0,25.43801794130945,731,flashy,1.2735542646173434
11266500,6579.99951171875,5194.000000000024,209.00001525878903,24.851672826763593,731,flashy,1.266846267177266
11284400,684.0000610351562,346.9200305175781,2.100001096725464,165.19992825648103,731,flashy,1.971636114567039
11381500,3620.0,2082.0000000000027,195.0,10.67692307692309,731,steady,1.738712776176751
11451100,3939.99951171875,1696.9997631835909,14.999999046325684,113.1333247383958,731,flashy,2.3217442908343524
11468500,13600.0,2331.9999267578287,32.999996185302734,70.66667261605429,731,flashy,5.831904128276724
11473900,24199.99609375,14069.997949218754,350.9999389648437,40.08547121322437,731,flashy,1.7199715437836094
11475560,700.0,275.5000000000016,5.400000095367432,51.01851761749937,731,flashy,2.5408348457350125
11476600,1880.0,1185.0000000000023,20.0,59.250000000000114,731,flashy,1.5864978902953557
11478500,24300.0,9754.000000000005,172.0,56.709302325581426,731,flashy,2.4912856264096765
11480390,8110.00048828125,2975.5997851562493,66.0,45.08484522964014,731,flashy,2.7255011002278966
11481200,3600.0,1467.0000854492191,37.00000381469727,39.64864687031444,731,flashy,2.453987587122479
11482500,12399.9990234375,9745.000000000035,300.0,32.48333333333345,731,flashy,1.2724473087160038
11522500,26600.001953125,10524.000000000042,1010.0,10.419801980198061,731,steady,2.5275562479214075
11523200,5340.00048828125,3149.999755859384,169.0,18.63905180981884,731,flashy,1.6952383816373944
11528700,28400.0,10484.000683593782,407.0,25.759215438805363,731,flashy,2.7088895601125467
11532500,75500.0,35229.99941406268,1599.9998779296875,22.018751313686582,731,flashy,2.1430599277802664
12010000,5020.0,2690.9999267578182,218.0,12.344036361274396,731,steady,1.8654775684249896
12013500,7160.0,4300.0,307.0,14.006514657980455,731,steady,1.6651162790697673
12020000,9200.0,4298.999658203133,252.9999847412109,16.992094535501657,731,steady,2.140032735858685
12025700,1980.0001220703125,1262.0000000000027,112.0,11.267857142857167,731,steady,1.5689382900715596
12035000,24400.0,14110.000292968809,1160.0,12.163793356007593,731,steady,1.7292699853563311
12040500,57700.00390625,28959.999414062535,2530.000244140625,11.44663898002883,731,steady,1.9924034901130474
12041200,23900.001953125,13500.000976562545,1760.0001220703125,7.670454568311227,731,steady,1.7703703869813028
12048000,2580.0,1473.9999145507823,290.0,5.0827583260371805,731,steady,1.7503393144946575
12054000,4240.0,2394.000073242193,300.0000305175781,7.979999432373123,731,steady,1.7710943484883732
12056500,5130.0,3039.0000000000123,365.0,8.326027397260308,731,steady,1.68805528134254
12073500,249.9999847412109,71.49999771118186,6.399999618530273,11.171875308267825,731,steady,3.496503395021976
12082500,5800.0,3196.999926757822,614.9999389648438,5.198374380555145,731,steady,1.8142008548251556
12092000,2999.999755859375,1697.0000000000005,430.0000305175781,3.9465113478186793,731,steady,1.7678254306772978
12114500,1240.0,742.4999389648463,100.0,7.4249993896484625,731,steady,1.6700338073141685
12115000,1960.0,1136.0000000000036,164.0,6.926829268292705,731,steady,1.7253521126760507
12117000,685.0,423.10001220703276,72.0,5.876389058431011,731,steady,1.6190025531476786
12143600,4300.00048828125,2050.79999999999,285.0000305175781,7.195788703164724,659,steady,2.0967429726356888
12144000,3500.000244140625,2089.9999389648438,405.0,5.160493676456404,651,steady,1.6746413140443155
12145500,2000.0001220703125,784.6000000000013,70.0,11.208571428571446,731,steady,2.5490697451826527
12147500,2970.0,2000.0,265.0,7.547169811320755,731,steady,1.485
12167000,22900.0,11169.999316406254,1349.9998779296875,8.274074315870438,731,steady,2.0501344137385016
12175500,6959.99951171875,2185.9998291015663,413.0,5.292977794434785,731,steady,3.183897555279897
12178100,2920.0,734.8999389648441,123.99999237060548,5.926612775655735,731,steady,3.9733300347160405
12186000,8800.0009765625,4084.0000000000146,796.0000610351562,5.130652872926903,731,steady,2.154750483977098
12189500,27600.0,16019.999316406278,3260.0,4.914110219756527,731,steady,1.722846515463612
12375900,189.9999847412109,100.59999999999991,9.59999942779541,10.4791672912737,686,steady,1.8886678403698915
12377150,375.9999694824219,255.15997436523435,21.0,12.150474969773065,685,steady,1.473585229884911
12381400,616.0,344.14999999999907,23.99999618530273,14.339585612549048,686,steady,1.7899171872729962
12383500,51.0,44.0,7.400000095367432,5.945945869317623,685,steady,1.1590909090909092
12390700,1610.0,1147.0000000000005,93.99999237060548,12.202128649945253,731,steady,1.403661726242371
12411000,8889.9990234375,4540.000000000014,260.0,17.461538461538513,731,steady,1.9581495646338047
12447390,302.0,247.50000000000023,7.59999942779541,32.56579192556524,731,flashy,1.2202020202020192
12451000,8059.9990234375,6040.9998535156265,783.0,7.7151977694963305,731,steady,1.3342160600694097
12488500,1370.0,1071.0000000000014,120.0,8.925000000000011,731,steady,1.2791783380018658
13011500,3550.000244140625,2513.000000000004,64.00000762939453,39.265620319173365,731,flashy,1.4126542953205807
13011900,5630.0,4057.9998291015645,195.0,20.81025553385418,731,flashy,1.38738300569285
13018300,143.0,76.10000000000059,6.299999713897705,12.079365627926162,731,steady,1.8791064388961747
13023000,5680.00048828125,3339.000244140628,320.0,10.434375762939464,731,steady,1.7011081380567956
13161500,1339.9998779296875,780.0,31.0000114440918,25.16128103393516,731,flashy,1.7179485614483172
13235000,6630.0,4722.000000000003,426.0,11.084507042253527,731,steady,1.404066073697585
13240000,1520.0,1067.9998779296893,36.999996185302734,28.86486454163268,731,flashy,1.4232211364541631
13313000,3950.0,2582.0000000000027,107.99999237060548,23.90740909628758,731,flashy,1.529821843532144
13331500,2920.0,2366.0000000000036,191.0,12.387434554973842,731,steady,1.2341504649196937
14020000,2020.0,1310.0001220703125,110.0,11.909092018821022,731,steady,1.5419845891369919
14096850,1070.0,496.37998229980104,46.9999885559082,10.561278790724362,659,steady,2.155606668589925
14137000,10300.0,6549.000000000004,997.0000610351562,6.568705716226704,731,steady,1.572759199877843
14138800,554.0,396.40000000000055,27.999998092651367,14.157143821521766,731,steady,1.3975782038345086
14138870,289.0000305175781,218.00000457763716,21.0,10.380952598935103,731,steady,1.3256881855461404
14138900,544.0,471.8999786376993,44.999996185302734,10.486667080914657,731,steady,1.1527866595172183
14139800,965.0000610351562,584.1000427246095,72.00000762939453,8.112499733765949,731,steady,1.6521143476274884
14141500,1180.0,758.700018310547,94.0,8.071276790537734,731,steady,1.5552919092154402
14154500,10100.0,4096.999584960938,272.0,15.062498474121094,731,steady,2.465218702260693
14158790,1099.9998779296875,548.0999572753917,50.999996185302734,10.747058789650342,731,steady,2.0069329751416034
14166500,2740.0,1489.0000000000032,90.0,16.54444444444448,731,steady,1.8401611820013393
14182500,5580.0,4201.000000000024,464.0,9.053879310344879,731,steady,1.3282551773387214
14185000,7649.99951171875,5114.999658203127,528.0,9.687499352657438,731,steady,1.4956011774996198
14185900,6590.0,4260.000000000009,361.0,11.800554016620524,731,steady,1.5469483568075084
14187000,1930.0,1247.2000000000003,98.99999237060548,12.597980768838037,529,steady,1.5474663245670297
14216500,8990.0009765625,4079.9999999999795,605.0,6.743801652892528,659,steady,2.2034316119025847
14222500,5290.0,3616.999829101563,440.0,8.220454157049007,731,steady,1.4625380840324778
14236200,8310.0,5077.0000000000055,507.9999694824219,9.994095088573982,731,steady,1.636793381918454
14301000,33600.0,15609.998632812514,1130.0,13.814158082134968,731,steady,2.152466556234807
14303200,170.0,106.99999237060548,9.0,11.888888041178387,666,steady,1.588785160013727
14305500,13700.0,9014.000000000018,717.0,12.57182705718273,731,steady,1.5198579986687344
14306340,317.0,170.35000000000048,9.299999713897705,18.317204864580088,666,flashy,1.8608746697974705
14306500,14900.0,8781.000000000005,636.0,13.806603773584914,731,steady,1.6968454617925055
14308990,3680.000244140625,601.8200573730467,31.000003814697266,19.413547848910927,607,flashy,6.114784974438837
14309500,5280.0,2123.000000000004,67.0,31.686567164179166,731,flashy,2.4870466321243474
14316700,11900.0,5689.999169921894,315.9999694824219,18.006328226048804,731,flashy,2.0913887058024563
14325000,12100.0009765625,7037.0,288.0000305175781,24.434025188655305,731,flashy,1.7194828728950546
14362250,161.00001525878906,67.29999374389723,1.899999737739563,35.42105422812547,666,flashy,2.3922738517845485
14400000,35000.0,21290.000000000033,856.0,24.871495327102842,731,flashy,1.643964302489429
