station_id,q_meas_max,n_meas,n_good,q_meas_max_good
01022500,7080.0,165,46,6560.0
01031500,37400.0,289,122,16100.0
01047000,50700.0,232,77,8730.0
01052500,7440.0,197,47,2670.0
01054200,19300.0,252,82,3800.0
01055000,11700.0,261,130,4040.0
01057000,9340.0,286,128,5500.0
01073000,758.0,275,161,758.0
01078000,8100.0,777,648,5070.0
01123000,1310.0,234,169,1260.0
01134500,2190.0,133,75,2190.0
01137500,10800.0,197,134,4080.0
01139000,5970.0,164,68,1600.0
01139800,694.0,179,99,145.0
01142500,1440.0,185,133,689.0
01144000,38800.0,178,117,28300.0
01162500,3000.0,176,93,764.0
01169000,14200.0,202,110,14200.0
01170100,4560.0,209,121,1490.0
01181000,26100.0,265,122,4280.0
01187300,10500.0,169,80,481.0
01195100,2600.0,179,109,181.0
01333000,3580.0,221,156,673.0
01350000,55200.0,990,103,8800.0
01350080,4680.0,215,77,942.0
01350140,2550.0,370,76,2550.0
01365000,6940.0,1185,175,6610.0
01411300,732.0,316,220,504.0
01413500,27100.0,996,187,8720.0
01414500,5380.0,1057,163,1060.0
01415000,5000.0,991,129,688.0
01423000,25400.0,686,148,3140.0
01434025,389.0,377,144,141.0
01435000,23400.0,732,167,4000.0
01439500,23400.0,790,396,2580.0
01440000,9550.0,294,175,1920.0
01440400,12900.0,487,382,2930.0
01451800,7100.0,409,198,534.0
01466500,22.2,432,341,22.2
01484100,167.0,547,406,117.0
01487000,2960.0,677,394,2960.0
01491000,5250.0,816,690,5250.0
01510000,7880.0,875,205,6220.0
01516500,5580.0,575,334,2200.0
01518862,5350.0,247,133,651.0
01532000,74000.0,708,440,8070.0
01539000,41200.0,690,512,5290.0
01542810,822.0,402,192,85.8
01543000,47800.0,801,486,10700.0
01543500,59800.0,648,405,16500.0
01544500,10900.0,676,475,2480.0
01545600,5370.0,418,220,579.0
01547700,1260.0,549,385,1080.0
01548500,52000.0,749,478,15800.0
01549500,5500.0,741,416,1590.0
01550000,32000.0,870,457,25900.0
01552000,55800.0,759,472,29800.0
01552500,3390.0,712,381,791.0
01557500,5040.0,678,333,1020.0
01567500,7100.0,515,341,2640.0
01568000,18200.0,708,355,17200.0
01580000,13600.0,743,578,5280.0
01583500,38000.0,712,624,2540.0
01586610,1880.0,263,226,1880.0
01591400,3310.0,257,222,1840.0
01594950,71.0,241,147,71.0
01596500,1560.0,616,369,905.0
01605500,44000.0,551,458,2470.0
01606500,130000.0,245,197,13400.0
01632000,63400.0,665,360,5540.0
01632900,10600.0,444,401,3360.0
01634500,20300.0,708,588,14100.0
01638480,23800.0,369,314,13200.0
01639500,22800.0,535,454,3850.0
01644000,78000.0,727,492,48000.0
01664000,42700.0,580,422,41500.0
01666500,17200.0,638,556,9010.0
01667500,58000.0,755,567,23600.0
01669000,1330.0,578,470,1330.0
01669520,2150.0,218,156,2150.0
02011400,30000.0,280,130,1290.0
02013000,29000.0,691,441,3380.0
02014000,11200.0,634,451,4310.0
02015700,22800.0,453,393,4060.0
02016000,40900.0,656,452,12200.0
02017500,7050.0,190,118,1120.0
02018000,58500.0,705,514,10900.0
02027000,7460.0,240,184,3850.0
02027500,38000.0,165,140,638.0
02028500,70000.0,167,145,2400.0
02038850,9560.0,381,170,107.0
02046000,11500.0,238,203,935.0
02051500,38000.0,636,473,18900.0
02053200,17000.0,573,245,4000.0
02053800,14300.0,243,223,3530.0
02055100,10400.0,466,316,185.0
02056900,20800.0,258,247,6910.0
02059500,53200.0,779,677,19900.0
02064000,62800.0,626,534,7080.0
02065500,10600.0,631,603,5410.0
02069700,20600.0,216,201,20600.0
02070000,12800.0,217,196,4310.0
02074500,23000.0,163,110,5300.0
02077200,3880.0,455,226,720.0
02081500,11600.0,635,235,10300.0
02082950,31000.0,552,301,3150.0
02092500,15000.0,283,109,3630.0
02096846,2060.0,215,22,135.0
02102908,680.0,237,138,68.6
02108000,23200.0,158,82,7610.0
02111180,6600.0,152,110,1760.0
02111500,27000.0,180,139,436.0
02112120,26500.0,164,117,591.0
02112360,5210.0,367,260,1380.0
02118500,13600.0,698,507,13600.0
02125000,9600.0,588,256,5050.0
02128000,8730.0,564,254,8730.0
02137727,23000.0,233,165,3590.0
02140991,39000.0,215,153,12500.0
02143000,11300.0,543,139,11300.0
02143040,7200.0,462,157,3310.0
02149000,5650.0,453,337,4530.0
02152100,9160.0,530,254,1350.0
02177000,30600.0,596,352,4660.0
02178400,5580.0,380,350,5580.0
02193340,4150.0,204,134,381.0
02196000,28800.0,512,336,28800.0
02198100,988.0,197,170,988.0
02202600,11000.0,300,218,11000.0
02212600,5950.0,423,367,5950.0
02215100,8880.0,229,140,3630.0
02216180,2180.0,272,108,2180.0
02221525,7630.0,305,262,7630.0
02231000,26700.0,693,416,26700.0
02245500,10400.0,589,324,10400.0
02246000,9960.0,651,427,9960.0
02296500,8070.0,536,412,7390.0
02297155,1920.0,252,173,1920.0
02297310,11200.0,540,441,10100.0
02298123,3760.0,365,293,3760.0
02298608,9050.0,277,198,9050.0
02299950,5540.0,341,278,5540.0
02300700,4100.0,340,272,4100.0
02342933,17500.0,250,208,17500.0
02349900,4600.0,493,237,2990.0
02350900,29500.0,279,157,15800.0
02361000,87900.0,245,163,87900.0
02363000,44500.0,191,145,38600.0
02369800,15500.0,237,209,15500.0
02371500,21000.0,252,188,18400.0
02372250,31100.0,226,161,31100.0
02374500,13000.0,209,117,11300.0
02381600,3160.0,283,214,155.0
02384540,1550.0,209,89,426.0
02395120,1430.0,244,201,894.0
02415000,12500.0,192,140,12500.0
02427250,28900.0,170,143,20500.0
02430085,778.0,329,302,368.0
02450250,20200.0,445,324,8580.0
02464000,24000.0,615,393,24000.0
02464360,2690.0,261,164,1040.0
02465493,3940.0,309,250,3940.0
02469800,16900.0,231,184,7840.0
02472000,49200.0,752,633,49200.0
02472500,34600.0,797,654,34600.0
02479155,10400.0,271,259,10400.0
02479300,24500.0,279,272,23000.0
02479560,27000.0,206,153,27000.0
02481000,12400.0,277,242,12400.0
02481510,23900.0,271,248,23900.0
03010655,2590.0,294,246,1250.0
03011800,4090.0,407,306,4090.0
03015500,15200.0,809,608,13600.0
03021350,4470.0,293,236,4380.0
03026500,1100.0,560,495,594.0
03028000,2950.0,533,469,2950.0
03049000,14000.0,709,605,4250.0
03049800,7190.0,541,401,246.0
03050000,11500.0,673,531,11500.0
03069500,13500.0,136,119,13500.0
03070500,35400.0,215,142,9490.0
03076600,4660.0,407,209,4660.0
03078000,5150.0,636,418,2590.0
03140000,8700.0,138,73,1080.0
03144000,13700.0,129,47,3960.0
03170000,25500.0,720,265,5010.0
03173000,25000.0,642,445,25000.0
03180500,37000.0,183,131,37000.0
03182500,80000.0,199,147,33800.0
03186500,22000.0,186,114,20400.0
03237280,2440.0,187,52,754.0
03237500,59200.0,192,97,21400.0
03238500,20000.0,177,41,1710.0
03241500,7300.0,149,87,1580.0
03280700,14200.0,493,331,1990.0
03281500,60100.0,724,515,42300.0
03285000,37000.0,604,258,26100.0
03291780,6900.0,409,205,6900.0
03338780,20000.0,181,132,5100.0
03340800,39900.0,478,286,6350.0
03346000,19100.0,427,269,19100.0
03364500,14600.0,612,383,11300.0
03366500,52200.0,285,168,24800.0
03368000,9360.0,496,287,566.0
03384450,11200.0,370,135,5440.0
03439000,13500.0,789,681,4290.0
03455500,12700.0,598,519,6420.0
03456500,13000.0,595,510,4560.0
03460000,2840.0,633,532,1560.0
03463300,30700.0,485,416,4470.0
03471500,9600.0,721,598,3680.0
03473000,22000.0,718,535,6690.0
03479000,50800.0,692,139,7310.0
03488000,16600.0,892,720,12700.0
03498500,42100.0,240,103,811.0
03500000,11700.0,641,227,8560.0
03500240,6600.0,456,402,2900.0
03504000,6300.0,589,91,1020.0
03574500,45600.0,952,729,26500.0
03592718,1900.0,262,233,1900.0
03604000,90000.0,232,202,50900.0
04015330,3200.0,382,218,2170.0
04024430,12900.0,154,119,12900.0
04027000,19800.0,316,256,19800.0
04040500,5120.0,957,490,4390.0
04043050,1280.0,261,214,746.0
04045500,6940.0,171,141,6940.0
04057510,1860.0,244,198,1860.0
04057800,1850.0,271,159,1850.0
04059500,7530.0,296,205,5050.0
04063700,1280.0,363,220,1050.0
04074950,2170.0,286,212,2170.0
04105700,315.0,453,408,152.0
04115265,263.0,203,191,234.0
04122200,4520.0,185,162,4520.0
04122500,6440.0,166,152,6440.0
04127918,4530.0,221,168,3590.0
04127997,706.0,128,121,677.0
04161580,228.0,218,186,228.0
04185000,7240.0,113,65,4400.0
04196800,5920.0,132,98,5920.0
04197100,1950.0,134,57,1870.0
04197170,1320.0,124,52,1320.0
04213000,15100.0,150,114,15100.0
04213075,162.0,203,129,122.0
04216418,4510.0,246,139,1350.0
04221000,38500.0,373,151,38500.0
04224775,2690.0,338,148,2690.0
04233000,4400.0,283,206,1600.0
04256000,9420.0,723,142,1880.0
04296000,3480.0,160,122,3480.0
05057200,3160.0,780,360,2920.0
05120500,1940.0,1251,728,1940.0
05291000,7240.0,698,546,6070.0
05362000,21200.0,422,375,21200.0
05393500,2890.0,275,163,2890.0
05399500,23700.0,301,191,12000.0
05408000,13100.0,251,157,8750.0
05413500,25000.0,285,216,10400.0
05414000,43500.0,255,192,2530.0
05444000,8500.0,364,297,4800.0
05454000,5500.0,856,476,5500.0
05458000,23600.0,604,335,10200.0
05466500,7460.0,397,295,7460.0
05487980,24700.0,585,357,12000.0
05488200,28000.0,278,95,28000.0
05489000,60700.0,805,540,22100.0
05495000,23400.0,1064,562,13400.0
05495500,21400.0,774,507,12600.0
05501000,57500.0,1083,572,15300.0
05503800,9250.0,237,51,4340.0
05507600,11400.0,252,56,6950.0
05508805,15400.0,342,142,5400.0
05525500,15700.0,362,227,15700.0
05556500,11800.0,732,439,7920.0
05584500,37200.0,346,223,18100.0
05591550,1990.0,242,145,1890.0
05592050,5550.0,261,127,5060.0
05592575,6070.0,191,110,2920.0
05593575,10900.0,364,135,10900.0
05593900,4330.0,376,208,4330.0
05595730,21200.0,259,106,1380.0
06221400,1200.0,441,119,1190.0
06224000,3520.0,526,173,3520.0
06278300,786.0,226,50,339.0
06280300,6610.0,261,114,5640.0
06289000,1400.0,337,144,1390.0
06291500,1260.0,228,160,545.0
06311000,885.0,294,101,329.0
06332515,1140.0,592,204,414.0
06339100,3410.0,568,266,3410.0
06344600,3150.0,676,362,1600.0
06350000,20300.0,959,664,7810.0
06352000,7200.0,911,628,7200.0
06404000,1460.0,367,218,1460.0
06406000,11200.0,365,279,11200.0
06409000,912.0,353,235,52.9
06431500,1920.0,294,247,1920.0
06440200,4790.0,237,98,1810.0
06447500,979.0,276,133,420.0
06470800,3330.0,363,83,1800.0
06477500,5900.0,666,304,5530.0
06479215,1490.0,278,68,1150.0
06601000,14500.0,1090,350,2250.0
06614800,37.8,258,27,22.0
06622700,1330.0,317,27,148.0
06623800,2300.0,269,26,1240.0
06632400,2800.0,320,67,1140.0
06746095,137.0,256,41,101.0
06803510,28500.0,636,305,6790.0
06803530,5580.0,527,319,5330.0
06814000,18000.0,225,103,18000.0
06847900,3540.0,163,59,911.0
06853800,3930.0,202,78,3700.0
06876700,9300.0,204,62,2310.0
06878000,46700.0,252,108,10200.0
06879650,5800.0,136,40,65.2
06885500,36100.0,241,115,19100.0
06888500,77200.0,230,91,15500.0
06889200,59600.0,249,109,9900.0
06889500,45500.0,229,147,45500.0
06892000,33100.0,238,125,23200.0
06903400,37700.0,490,203,5910.0
06906800,43800.0,190,50,4500.0
06910800,29600.0,200,104,22700.0
06911900,16500.0,191,100,16500.0
06917000,62800.0,202,97,62800.0
06918460,22100.0,402,50,19400.0
06919500,35700.0,596,187,29500.0
06921070,33600.0,359,64,33600.0
06921200,24900.0,491,135,11400.0
07057500,133000.0,573,291,21800.0
07060710,12100.0,386,263,3680.0
07066000,49000.0,813,294,18400.0
07083000,254.0,278,82,254.0
07142300,17700.0,217,104,875.0
07145700,18100.0,220,105,18100.0
07167500,107000.0,200,87,18700.0
07180500,52400.0,183,110,10900.0
07184000,67500.0,190,82,17400.0
07195800,14600.0,469,416,6730.0
07196900,19100.0,519,412,2830.0
07197000,53400.0,191,98,53400.0
07208500,272.0,475,198,151.0
07261000,17900.0,552,345,13100.0
07263295,6850.0,138,19,3410.0
07291000,43600.0,224,211,37800.0
07299670,11500.0,458,167,7970.0
07301410,1590.0,510,214,550.0
07315200,12800.0,277,73,12500.0
07315700,21300.0,187,59,20500.0
07335700,12400.0,355,122,5750.0
07340300,10800.0,371,304,10800.0
07346045,10300.0,326,212,6110.0
07359610,59000.0,168,86,6000.0
07362100,30500.0,420,288,30500.0
07362587,13500.0,145,16,127.0
07375000,29800.0,140,120,10700.0
08013000,46000.0,148,99,46000.0
08014500,36900.0,160,97,25700.0
08023080,7670.0,195,118,5850.0
08050800,5820.0,159,99,2120.0
08066200,22700.0,408,110,4520.0
08066300,7660.0,384,184,1970.0
08070000,34200.0,705,88,5010.0
08070200,22700.0,226,92,3490.0
08082700,34600.0,233,58,992.0
08086212,330000.0,354,115,462.0
08086290,80000.0,226,98,7600.0
08101000,110000.0,587,226,15500.0
08103900,11800.0,215,68,226.0
08104900,60600.0,407,105,546.0
08109700,10700.0,384,46,419.0
08150800,66900.0,217,88,20100.0
08158700,15800.0,376,78,314.0
08158810,10200.0,244,29,118.0
08164300,52900.0,439,233,52900.0
08164600,8880.0,356,111,4150.0
08165300,140000.0,357,207,75.0
08171300,105000.0,247,125,15500.0
08175000,92700.0,543,153,4930.0
08176900,26600.0,275,51,87.8
08178880,159000.0,221,127,6890.0
08189500,77200.0,175,44,5500.0
08190000,307000.0,311,124,19500.0
08190500,246000.0,444,54,5180.0
08194200,82000.0,307,83,10400.0
08195000,162000.0,817,572,7310.0
08196000,123000.0,548,253,11400.0
08198500,71300.0,544,139,15800.0
08200000,69800.0,511,275,69800.0
08267500,352.0,486,102,194.0
08269000,555.0,529,204,244.0
08271000,192.0,455,203,164.0
08324000,1550.0,665,447,1540.0
08377900,582.0,452,138,381.0
08378500,1590.0,537,227,838.0
08380500,511.0,374,174,146.0
09035800,109.0,268,41,63.0
09035900,352.0,257,45,352.0
09047700,73.6,289,27,54.8
09065500,534.0,287,26,291.0
09066000,194.0,280,49,163.0
09066200,178.0,285,26,75.2
09066300,92.1,285,29,63.2
09081600,2940.0,262,193,2940.0
09107000,1050.0,202,56,777.0
09210500,806.0,277,77,469.0
09223000,1870.0,286,43,889.0
09306242,1780.0,278,67,77.4
09312600,590.0,298,71,590.0
09352900,1900.0,180,92,1170.0
09378170,163.0,235,19,13.0
09386900,737.0,470,184,466.0
09404450,450.0,278,195,196.0
09430600,10100.0,479,296,558.0
09447800,19500.0,290,109,89.6
09484600,8600.0,306,10,5.23
09492400,985.0,170,77,143.0
09494000,23700.0,195,105,1690.0
09497980,15700.0,174,126,380.0
09505350,6920.0,174,33,1100.0
09505800,24900.0,290,66,2070.0
09508300,7380.0,220,15,40.4
09510200,24200.0,268,56,286.0
09512280,14000.0,151,28,316.0
09513780,20700.0,138,40,18600.0
10234500,675.0,326,49,415.0
10244950,64.4,429,193,64.4
10259000,1960.0,288,49,133.0
10336645,786.0,451,157,577.0
10336660,1700.0,470,165,531.0
10343500,495.0,543,365,161.0
11124500,5060.0,224,88,2070.0
11141280,2830.0,521,281,295.0
11143000,10800.0,604,321,1380.0
11148900,57000.0,299,134,4090.0
11151300,11500.0,612,267,939.0
11176400,8790.0,184,68,8790.0
11230500,669.0,34,16,447.0
11237500,340.0,36,15,189.0
11264500,3940.0,780,325,3440.0
11266500,23500.0,741,424,6970.0
11284400,1970.0,262,72,700.0
11381500,36400.0,238,173,6840.0
11451100,7960.0,277,134,2320.0
11468500,7360.0,210,136,7360.0
11473900,51100.0,244,107,10000.0
11475560,3660.0,249,52,650.0
11476600,3760.0,364,104,2060.0
11478500,43500.0,405,185,19700.0
11480390,5530.0,378,111,3600.0
11481200,9720.0,404,173,3020.0
11482500,44400.0,463,219,18100.0
11522500,56900.0,287,232,17800.0
11523200,26500.0,245,165,6260.0
11528700,44800.0,274,211,15600.0
11532500,152000.0,377,272,105000.0
12010000,10300.0,568,436,9380.0
12013500,8010.0,407,365,7680.0
12020000,63100.0,533,481,63100.0
12025700,9430.0,276,170,2600.0
12035000,55500.0,671,505,43500.0
12040500,92500.0,197,147,44400.0
12041200,46000.0,164,125,19800.0
12048000,7120.0,196,162,3000.0
12054000,8480.0,172,111,4240.0
12056500,24400.0,174,131,6780.0
12073500,472.0,465,122,222.0
12082500,15000.0,221,149,5220.0
12092000,16000.0,612,82,2510.0
12114500,7620.0,401,121,851.0
12115000,9500.0,463,438,9500.0
12117000,2760.0,187,121,1050.0
12143600,8000.0,179,146,6540.0
12144000,7930.0,174,163,7930.0
12145500,3430.0,216,152,2620.0
12147500,8520.0,158,116,1470.0
12167000,44000.0,377,258,17600.0
12175500,15600.0,334,271,3450.0
12178100,8430.0,179,49,388.0
12186000,44000.0,361,304,10200.0
12189500,97300.0,327,275,19900.0
12375900,599.0,251,61,196.0
12377150,404.0,261,148,404.0
12381400,800.0,249,58,552.0
12383500,56.6,246,94,56.6
12390700,5490.0,320,163,2570.0
12411000,22000.0,238,209,8210.0
12447390,541.0,265,65,121.0
12451000,18800.0,506,426,10100.0
12488500,2890.0,560,253,1740.0
13011500,3540.0,329,239,3200.0
13011900,5940.0,316,219,5940.0
13018300,120.0,225,15,120.0
13023000,5780.0,303,206,5780.0
13161500,1350.0,363,158,538.0
13235000,8260.0,648,442,8260.0
13240000,18000.0,589,425,1660.0
13313000,4420.0,681,285,4420.0
13331500,4480.0,170,72,4330.0
14020000,4910.0,162,131,1680.0
14096850,5760.0,152,136,1330.0
14137000,21800.0,140,80,14800.0
14138800,2610.0,144,33,462.0
14138870,572.0,169,69,450.0
14138900,2440.0,187,51,566.0
14139800,3630.0,171,14,726.0
14141500,2750.0,170,72,1740.0
14154500,7740.0,217,56,5690.0
14158790,5160.0,143,25,211.0
14166500,4790.0,196,107,3290.0
14182500,16300.0,154,88,10900.0
14185000,17200.0,161,129,17200.0
14185900,23700.0,158,45,7610.0
14187000,7080.0,133,50,7080.0
14216500,8290.0,360,275,7410.0
14222500,28600.0,253,221,28600.0
14236200,29100.0,151,120,7920.0
14301000,70500.0,207,137,34700.0
14303200,680.0,189,77,184.0
14305500,53800.0,165,113,7650.0
14306340,1160.0,177,46,142.0
14306500,33800.0,156,77,33800.0
14308990,2450.0,169,96,2450.0
14309500,10400.0,276,71,4900.0
14316700,26900.0,276,189,8740.0
14325000,19300.0,267,160,9800.0
14362250,1050.0,168,34,162.0
14400000,53100.0,178,64,10700.0
